LD,Velocity (km/s),a (degrees),$ (degrees),DI
1,0.25,90,75,0.00007
1,0.25,90,0,0.02489
1,0.25,0,75,0
1,0.25,0,0,0.02408
1,0.25,-90,75,0.00007
1,0.25,-90,0,0.02489
1,2.15,90,75,0.30161
1,2.15,90,0,0.99567
1,2.15,0,75,0.28686
1,2.15,0,0,1.00639
1,2.15,-90,75,0.30161
4,0.25,90,75,0
4,0.25,90,0,0.01896
4,0.25,0,75,0.00004
4,0.25,0,0,0.03437
4,0.25,-90,75,0
4,0.25,-90,0,0.01896
4,2.15,90,75,0.3028
4,2.15,90,0,0.9759
4,2.15,0,75,0.13629
4,2.15,0,0,1.05821
4,2.15,-90,75,0.3028
